,Description,NZSIOC,Direct Loss,Indirect Loss,Total Loss
0,Horticulture and fruit growing,AA111,4.952297620787234,4.877497623445703,9.829795244232937
1,Dairy cattle farming,AA131,0.14076298146940458,9.241783504885209,9.382546486354613
2,Forestry and logging,AA211,0.16635625082747812,3.5803020086505475,3.7466582594780258
3,Coal mining,BB111,0.057584856055665504,0.5855644021087549,0.6431492581644205
4,Oil and gas extraction,BB112,0.22394110688314364,4.099652684223243,4.323593791106387
5,Metal ore and non-metallic mineral mining and quarrying,BB113,0.3838990403711034,1.2247290119466772,1.6086280523177805
6,Exploration and other mining support services,BB114,0.01919495201855517,0.9602899885209383,0.9794849405394934
7,Meat and meat product manufacturing,CC111,14.984859209152068,4.425240197788037,19.410099406940105
8,Seafood processing,CC121,1.5739860655215239,0.6468897101750026,2.2208757756965265
9,Dairy product manufacturing,CC131,11.433793085719362,3.6661822607392924,15.099975346458654
10,Beverage and tobacco product manufacturing,CC151,13.62841593317417,3.4742560367674944,17.102671969941664
11,Textile and leather manufacturing,CC211,0.9917391876253504,1.8400483885211272,2.8317875761464775
12,Wood product manufacturing,CC311,0.9853408702858321,5.8337680668009355,6.819108937086767
13,Printing,CC411,0.3838990403711034,4.964608178378192,5.348507218749296
14,Petroleum and coal product manufacturing,CC511,12.457523860042304,9.423227678082998,21.880751538125303
15,Basic chemical and basic polymer manufacturing,CC521,0.75500144606317,1.5003020647176695,2.2553035107808395
16,Fertiliser and pesticide manufacturing,CC522,0.49267043514291603,2.085925728889502,2.578596164032418
17,Polymer product and rubber product manufacturing,CC531,1.9066985671764802,5.702659283775777,7.609357850952257
18,Non-metallic mineral product manufacturing,CC611,1.5227995268053767,4.183226022016832,5.706025548822209
19,Primary metal and metal product manufacturing,CC711,0.14076298146940458,4.155502576881182,4.296265558350587
20,Fabricated metal product manufacturing,CC721,1.541994478823932,11.465092598192333,13.007087077016266
21,Transport equipment manufacturing,CC811,6.820606283926604,5.438694157956069,12.259300441882672
22,Electronic and electrical equipment manufacturing,CC821,2.7192848692953158,2.2090492491685048,4.9283341184638205
23,Machinery manufacturing,CC822,1.2284769291875308,1.9600538629212643,3.188530792108795
24,Furniture manufacturing,CC911,3.627845931506927,1.2982120420834273,4.926057973590354
25,Other manufacturing,CC912,1.6187742868981525,0.6645468151506702,2.2833211020488227
26,Electricity generation and on-selling,DD111,16.782786381556736,34.482725685227095,51.26551206678383
27,Electricity transmission and distribution,DD112,5.969630077770658,12.79085223727426,18.760482315044918
28,Sewerage and drainage services,DD122,2.776869725350981,1.6519537370067172,4.428823462357698
29,Residential building construction,EE112,0.6334334166123206,10.489080276824549,11.122513693436868
30,Non-residential building construction,EE113,0.3838990403711034,11.606418324882114,11.990317365253217
31,Heavy and civil engineering construction,EE121,4.753949783262163,7.488583742170617,12.24253352543278
32,Construction services,EE131,3.0008108322341247,38.388217599893736,41.38902843212786
33,Basic material wholesaling,FF111,10.506037071489196,9.124034833477737,19.630071904966933
34,Machinery and equipment wholesaling,FF112,11.113877218743443,10.861821322241934,21.975698540985377
35,Fuel retailing,GH112,3.5766593927907797,0.41288348377934536,3.989542876570125
36,Supermarket and grocery stores,GH121,23.56500276144623,2.017874514701905,25.582877276148135
37,Specialised food retailing,GH122,5.189035362349414,0.3788287895622995,5.567864151911714
38,Department stores,GH133,10.512435388828715,0.7832894776996024,11.295724866528317
39,Pharmaceutical and other store based retailing,GH134,11.964853424899388,2.2773660575034373,14.242219482402826
40,Non-store and commission based retailing,GH135,3.7046257395811475,0.5364561250437818,4.241081864624929
41,Accommodation,GH211,10.333282503322199,1.9125824652350722,12.245864968557271
42,Food and beverage services,GH212,47.14920047491101,4.175000654016955,51.32420112892797
43,Road transport,II111,8.445778888164275,19.11927791605151,27.565056804215786
44,Rail transport,II121,1.0365274090019791,1.1199777256142693,2.1565051346162485
45,Water transport,II122,1.3820365453359722,0.9959711469773618,2.378007692313334
46,Air and space transport,II123,14.018713290884792,4.219510901765782,18.238224192650573
47,Other transport,II125,1.2924601025827147,1.5013021739435068,2.7937622765262216
48,Transport support services,II132,10.218112791210869,12.410940341267816,22.629053132478685
49,Warehousing and storage services,II133,0.24313605890169881,3.4252913728300043,3.668427431731703
50,Publishing (except internet and music publishing),JJ111,1.2284769291875308,3.3370882150932513,4.565565144280782
51,Motion picture and sound recording activities,JJ112,1.9003002498369617,2.5015389536083603,4.401839203445322
52,Broadcasting and internet publishing,JJ113,4.299669252156358,3.0267634232286866,7.326432675385044
53,Telecommunications services,JJ121,17.851305377256306,13.640463265122786,31.491768642379093
54,"Internet service providers, web search portals and data processing services",JJ122,1.5931810175400791,3.4944623818631415,5.087643399403221
55,Library and other information services,JJ123,2.149834626078179,0.14400065235430315,2.293835278432482
56,Life insurance,KK121,11.63853924058395,0.2872280480499825,11.925767288633933
57,Health and general insurance,KK122,10.992309189292593,19.656185541144367,30.64849473043696
58,Auxiliary finance and insurance services,KK131,1.823520441762741,28.27681752549422,30.100337967256962
59,Rental and hiring services (except real estate),LL111,3.691829104902111,12.00196239212728,15.693791497029391
60,Non-financial asset leasing,LL112,0.05118653871614712,4.275778324625114,4.326964863341261
61,Residential property operation,LL121,79.0832023164473,0.14718923212542734,79.23039154857273
62,Non-residential property operation,LL122,2.4313605890169883,52.85559534898339,55.28695593800038
63,Real estate services,LL123,0.42228894440821374,7.438984986703292,7.861273931111506
64,Legal and accounting services,MN112,4.05013487591514,21.23987140234381,25.29000627825895
65,Veterinary and other professional services,MN114,3.1479721310430477,1.5995809213370764,4.747553052380124
66,Computer system design and related services,MN115,3.954160115822365,19.587489063050217,23.541649178872582
67,Travel agency and tour arrangement services,MN211,2.201021164794326,1.8983195082505069,4.099340673044833
68,Employment and other administrative services,MN212,4.670771657848425,22.46549038497409,27.136262042822516
69,Defence,OO212,14.997655843831106,0.26042545776362047,15.258081301594727
70,Preschool education,PP111,10.294892599285088,0.8955999533941768,11.190492552679265
71,School education,PP112,51.192937033486636,0.9385960113802909,52.13153304486693
72,Tertiary education,PP113,23.302671750525974,3.1863156707402602,26.488987421266234
73,Hospitals,QQ111,80.47163717912278,0.7004893041549849,81.17212648327776
74,Medical and other health care services,QQ112,60.04820823138009,12.25452405535313,72.30273228673322
75,Residential care services and social assistance,QQ113,34.68527829752919,6.3041460725490595,40.98942437007825
76,Heritage and artistic activities,RS111,6.244757723369949,1.6280327758384283,7.872790499208377
77,Gambling activities,RS113,10.269299329927016,0.5383009729360229,10.807600302863039
78,Repair and maintenance,RS211,8.285820954676314,6.719788901104815,15.00560985578113
